whisky_url,distillery_name_inner,country,region,whisky_type,bottler,whisky_link,whisky_name_suffix,whisky_rating,num_ratings,num_reviews,whisky_age,alcohol_pct,full_name,Chill filtration - With,Artifical colouring - Without,Artifical colouring - With,Chill filtration - Without,Note_Coffee,Note_Pear,Note_Ham,Note_Tropical_Fruit,Note_Apple,Note_Mint,Note_Plum,Note_Nuts,Note_Vanilla,Note_Cinnamon,Note_Dark_Chocolate,Note_Oil,Note_Pepper,Note_Spices,Note_Grape,Note_Banana,Note_Caramel,Note_Berries,Note_Lemon,Note_Lime,Note_Sweet,Note_Strawberry,Note_Rye,Note_Maritime_Notes,Note_Bonfire_Smoke,Note_Blackberry,Note_Cake,Note_Clove,Note_Date,Note_Black_Currant,Note_Anis,Note_Grass,Note_Fruit,Note_Chocolate,Note_Heather,Note_Hazelnut,Note_Ginger,Note_Green_Apple,Note_Herb,Note_Herbs,Note_Sherry,Note_Honey,Note_Malt,Note_Peat_Smoke,Note_Floral,Note_Barley,Note_Walnut,Note_Wheat,Note_Fig,Note_Peach,Note_Leather,Note_Pineapple,Note_Melon,Note_Alcohol,Note_Orange,Note_Lemon_Peel,Note_Red_Currant,Note_Seaweed,Note_Chili,Note_Raisin,Note_Oak,Note_Medicinal_Smoke,Note_Zitrus,Note_Tobacco,Note_Nutmeg,Note_Cherry,Note_Almonds,Note_Kiwi,Note_Hay,Note_Salt,Note_Coconut,Note_Dried_Fruit,Note_Grapefruit,Note_Iodine
https://www.whisky.com/whisky-database/details/lagavulin.html,Lagavulin,Scotland,Islay,Single Malt Whisky,Original bottling,https://www.whisky.com/whisky-database/details/lagavulin.html,,4.5,1449,714,16,43,Lagavulin 16,1,0,1,0,1,1,2,0,1,1,1,1,1,1,1,1,1,3,1,1,1,1,1,1,5,0,0,5,2,1,1,1,1,1,1,0,2,1,1,0,1,0,1,1,3,1,2,10,1,1,1,0,1,1,1,1,1,1,1,1,0,4,1,1,3,1,1,1,1,1,1,0,0,2,0,1,0,1
https://www.whisky.com/whisky-database/details/ardbeg-ten.html,Ardbeg,Scotland,Islay,Single Malt Whisky,Original bottling,https://www.whisky.com/whisky-database/details/ardbeg-ten.html,TEN,4.2,1095,642,10,46,Ardbeg 10 TEN,0,0,0,1,1,1,1,0,1,1,1,1,1,1,1,1,1,3,1,1,1,1,1,1,5,0,0,4,2,0,1,1,0,0,1,1,2,1,1,0,1,1,1,1,1,1,2,10,1,1,1,0,1,0,1,1,1,1,1,1,0,3,1,1,2,1,2,1,1,1,1,0,1,1,0,1,1,1
https://www.whisky.com/whisky-database/details/highland-park.html,Highland Park,Scotland,Islands,Single Malt Whisky,Original bottling,https://www.whisky.com/whisky-database/details/highland-park.html,,3.8,1091,570,12,40,Highland Park 12,1,0,0,0,1,1,1,0,1,0,1,1,1,0,1,1,1,4,0,1,1,1,1,0,8,1,0,1,1,1,1,1,1,0,0,1,3,1,4,1,1,1,1,4,6,3,4,10,1,0,1,0,1,1,1,1,0,1,1,0,0,1,1,1,4,1,1,1,1,1,1,0,0,1,0,1,1,1
https://www.whisky.com/whisky-database/details/balvenie-double-wood.html,Balvenie,Scotland,Speyside,Single Malt Whisky,Original bottling,https://www.whisky.com/whisky-database/details/balvenie-double-wood.html,Double Wood,3.9,960,465,12,40,Balvenie 12 Double Wood,1,0,1,0,1,1,0,1,1,1,0,5,4,2,1,2,1,5,1,1,1,1,1,1,10,0,0,0,0,0,1,1,1,0,0,0,5,1,1,1,0,1,1,1,8,3,2,1,1,0,1,0,1,1,0,1,0,1,3,0,0,0,1,1,6,0,4,1,1,1,1,0,0,0,0,1,1,0
https://www.whisky.com/whisky-database/details/balvenie-double-wood.html,Balvenie,Scotland,Speyside,Single Malt Whisky,Original bottling,https://www.whisky.com/whisky-database/details/balvenie-double-wood.html,Double Wood,3.9,959,464,12,40,Balvenie 12 Double Wood,1,0,1,0,1,1,0,1,1,1,0,5,4,2,1,2,1,5,1,1,1,1,1,1,10,0,0,0,0,0,1,1,1,0,0,0,5,1,1,1,0,1,1,1,8,3,2,1,1,0,1,0,1,1,0,1,0,1,3,0,0,0,1,1,6,0,4,1,1,1,1,0,0,0,0,1,1,0
https://www.whisky.com/whisky-database/details/laphroaig-1.html,Laphroaig,Scotland,Islay,Single Malt Whisky,Original bottling,https://www.whisky.com/whisky-database/details/laphroaig-1.html,,3.9,913,519,10,40,Laphroaig 10,1,0,1,0,1,1,1,0,1,1,1,1,1,0,1,1,1,2,0,1,1,0,1,0,5,0,0,6,2,0,0,0,0,0,1,1,1,1,1,0,1,0,1,1,1,1,2,10,0,1,0,0,0,0,1,0,0,1,1,1,0,4,1,0,2,5,1,1,1,0,1,0,0,3,0,1,1,2
https://www.whisky.com/whisky-database/details/laphroaig-1.html,Laphroaig,Scotland,Islay,Single Malt Whisky,Original bottling,https://www.whisky.com/whisky-database/details/laphroaig-1.html,,4.6,113,33,10,40,Laphroaig 10,1,0,1,0,1,1,1,0,1,1,1,1,1,0,1,1,1,2,0,1,1,0,1,0,5,0,0,6,2,0,0,0,0,0,1,1,1,1,1,0,1,0,1,1,1,1,2,10,0,1,0,0,0,0,1,0,0,1,1,1,0,4,1,0,2,5,1,1,1,0,1,0,0,3,0,1,1,2
https://www.whisky.com/whisky-database/details/ardbeg-uigeadail.html,Ardbeg,Scotland,Islay,Single Malt Whisky,Original bottling,https://www.whisky.com/whisky-database/details/ardbeg-uigeadail.html,Uigeadail,4.6,900,473,NAS,54.2,Ardbeg Uigeadail,0,0,0,1,1,1,1,1,1,0,1,1,2,1,1,1,1,3,0,1,1,1,1,1,7,0,0,2,2,1,1,1,1,0,1,0,2,1,1,1,1,0,3,1,5,1,2,10,1,1,1,0,1,0,1,0,0,1,1,1,0,1,1,1,3,1,1,1,1,1,0,0,0,1,0,1,0,1
https://www.whisky.com/whisky-database/details/glendronach.html,Glendronach,Scotland,Highlands,Single Malt Whisky,Original bottling,https://www.whisky.com/whisky-database/details/glendronach.html,,4.1,760,551,12,43,Glendronach 12,1,0,0,0,1,1,0,1,1,0,1,3,3,1,1,1,1,4,1,1,1,1,1,1,8,0,0,1,0,1,1,1,1,0,0,1,6,1,1,1,1,1,2,1,10,1,2,1,1,1,1,0,1,0,1,0,1,1,1,1,0,1,1,2,4,1,1,1,1,1,1,0,0,1,0,1,0,0
https://www.whisky.com/whisky-database/details/bowmore-new-cardboard-box.html,Bowmore,Scotland,Islay,Single Malt Whisky,Original bottling,https://www.whisky.com/whisky-database/details/bowmore-new-cardboard-box.html,(new cardboard box),3.7,719,418,12,40,Bowmore 12 (new cardboard box),1,0,1,0,1,1,1,1,1,0,1,1,1,1,2,1,1,2,1,0,1,1,1,1,6,0,0,1,1,0,1,1,1,1,0,1,3,2,1,0,0,0,2,1,4,2,1,10,1,0,1,0,1,1,1,0,0,1,1,0,0,1,1,1,3,1,3,1,1,1,1,0,1,1,0,1,1,1
https://www.whisky.com/whisky-database/details/glenmorangie-giraffe.html,Glenmorangie,Scotland,Highlands,Single Malt Whisky,Original bottling,https://www.whisky.com/whisky-database/details/glenmorangie-giraffe.html,Giraffe,3.4,716,319,10,40,Glenmorangie 10 Giraffe,1,0,1,0,0,2,0,0,1,1,1,3,6,0,1,2,1,4,1,1,1,1,1,0,10,0,0,1,0,0,1,0,1,0,0,1,9,1,1,1,0,1,1,2,1,2,4,1,1,1,0,1,0,1,0,1,1,1,2,1,0,1,1,0,4,0,4,0,1,0,1,0,1,0,0,1,1,0
https://www.whisky.com/whisky-database/details/dalwhinnie.html,Dalwhinnie,Scotland,Highlands,Single Malt Whisky,Original bottling,https://www.whisky.com/whisky-database/details/dalwhinnie.html,,3.6,707,360,15,43,Dalwhinnie 15,1,0,1,0,0,1,1,1,1,0,1,2,3,1,1,1,1,4,1,1,1,1,1,0,10,0,0,1,1,0,0,1,1,0,0,1,6,1,4,1,0,1,1,5,1,5,4,3,1,1,0,1,1,1,1,0,1,1,1,1,0,0,1,1,5,0,1,0,1,0,1,0,1,1,0,1,1,0
https://www.whisky.com/whisky-database/details/dalwhinnie.html,Dalwhinnie,Scotland,Highlands,Single Malt Whisky,Original bottling,https://www.whisky.com/whisky-database/details/dalwhinnie.html,,3.6,39,10,15,43,Dalwhinnie 15,1,0,1,0,0,1,1,1,1,0,1,2,3,1,1,1,1,4,1,1,1,1,1,0,10,0,0,1,1,0,0,1,1,0,0,1,6,1,4,1,0,1,1,5,1,5,4,3,1,1,0,1,1,1,1,0,1,1,1,1,0,0,1,1,5,0,1,0,1,0,1,0,1,1,0,1,1,0
https://www.whisky.com/whisky-database/details/glenfarclas-2.html,Glenfarclas,Scotland,Speyside,Single Malt Whisky,Original bottling,https://www.whisky.com/whisky-database/details/glenfarclas-2.html,,4.2,676,462,15,46,Glenfarclas 15,0,0,0,1,1,1,1,1,1,0,1,2,1,1,1,1,1,4,1,0,1,1,1,0,7,0,0,1,1,1,1,1,1,1,0,1,6,1,1,1,1,1,2,1,10,1,3,3,1,1,1,0,1,1,1,1,1,1,1,1,0,1,1,1,5,1,1,0,1,1,1,1,1,1,0,2,0,0
https://www.whisky.com/whisky-database/details/bunnahabhain-02-liter-b-ware.html,Bunnahabhain,Scotland,Islay,Single Malt Whisky,Original bottling,https://www.whisky.com/whisky-database/details/bunnahabhain-02-liter-b-ware.html,"0,2 Liter",4.3,616,519,12,46.3,"Bunnahabhain 12 0,2 Liter",0,0,0,1,1,1,1,1,1,0,1,4,2,1,1,1,1,5,1,0,2,1,1,0,10,0,0,4,1,1,1,1,1,0,0,1,5,1,1,1,1,0,2,1,10,1,3,4,1,1,1,0,1,1,1,0,0,1,1,1,0,4,1,1,5,1,1,1,1,1,1,1,1,1,0,2,1,1
https://www.whisky.com/whisky-database/details/ardmore-port-wood-finish-1.html,Ardmore,Scotland,Speyside,Single Malt Whisky,Original bottling,https://www.whisky.com/whisky-database/details/ardmore-port-wood-finish-1.html,Port Wood Finish,4.4,597,514,12,46,Ardmore 12 Port Wood Finish,0,0,1,1,1,1,1,0,1,0,1,1,1,1,1,1,1,4,1,0,1,2,1,0,7,2,0,1,1,1,1,1,1,1,0,0,8,1,1,1,0,0,1,1,3,2,1,10,1,0,1,1,0,1,1,1,0,1,1,1,1,1,1,1,2,1,2,1,1,1,1,0,0,1,0,1,1,0
https://www.whisky.com/whisky-database/details/caol-ila.html,Caol Ila,Scotland,Islay,Single Malt Whisky,Original bottling,https://www.whisky.com/whisky-database/details/caol-ila.html,,3.9,572,316,12,43,Caol Ila 12,1,0,1,0,1,1,1,0,1,1,1,1,1,0,1,1,1,2,1,0,1,0,1,1,5,0,0,6,2,0,0,0,0,0,0,1,2,1,1,0,0,1,1,1,1,1,1,10,1,0,0,0,0,0,1,0,0,1,1,1,0,5,1,0,2,2,2,0,0,0,1,0,1,1,0,1,1,1
https://www.whisky.com/whisky-database/details/talisker-25.html,Talisker,Scotland,Islands,Single Malt Whisky,Original bottling,https://www.whisky.com/whisky-database/details/talisker-25.html,,4.1,571,338,10,45.8,Talisker 10,1,0,1,0,1,1,1,0,1,0,0,1,1,1,1,1,4,8,1,0,1,1,1,1,5,0,0,6,1,0,0,1,0,0,0,0,2,1,1,1,1,1,1,1,1,1,2,10,1,0,0,0,0,1,1,0,0,1,1,1,0,4,4,1,2,1,2,1,0,0,0,0,1,3,0,1,1,1
https://www.whisky.com/whisky-database/details/glenfarclas-whiskyde-clubflasche-2021.html,Glenfarclas,Scotland,Speyside,Single Malt Whisky,Original bottling,https://www.whisky.com/whisky-database/details/glenfarclas-whiskyde-clubflasche-2021.html,Whisky.de Clubflasche 2021,4.3,565,484,NAS,46,Glenfarclas Whisky.de Clubflasche 2021,0,0,0,1,1,1,0,1,1,0,1,2,1,1,1,1,1,4,1,0,3,1,1,0,8,1,0,0,1,1,1,1,1,1,0,0,5,2,1,1,1,1,2,1,10,1,2,1,1,0,1,0,1,0,1,1,0,1,1,0,0,0,1,1,6,0,1,1,1,1,1,0,0,0,0,1,0,0
https://www.whisky.com/whisky-database/details/glendronach-parliament-1.html,Glendronach,Scotland,Highlands,Single Malt Whisky,Original bottling,https://www.whisky.com/whisky-database/details/glendronach-parliament-1.html,Parliament,4.8,556,325,21,48,Glendronach 21 Parliament,0,0,0,1,1,1,0,0,1,0,2,2,1,1,3,1,1,7,1,0,1,1,1,0,7,0,0,1,0,1,1,1,1,0,1,0,6,2,1,1,0,1,3,1,10,1,1,1,1,0,1,0,1,1,1,0,0,1,1,0,0,1,1,1,5,0,1,1,1,1,1,0,0,1,0,2,0,0
https://www.whisky.com/whisky-database/details/oban.html,Oban,Scotland,Highlands,Single Malt Whisky,Original bottling,https://www.whisky.com/whisky-database/details/oban.html,,3.7,540,259,14,43,Oban 14,1,0,1,0,1,1,0,1,1,1,1,2,1,0,1,1,1,5,1,1,1,0,1,1,6,0,0,8,1,0,0,0,0,0,0,1,8,1,1,0,1,0,1,2,1,1,3,9,1,1,1,1,0,1,1,1,0,1,1,1,0,5,1,1,4,1,2,0,0,0,1,0,0,5,0,1,1,1
https://www.whisky.com/whisky-database/details/glenfiddich.html,Glenfiddich,Scotland,Speyside,Single Malt Whisky,Original bottling,https://www.whisky.com/whisky-database/details/glenfiddich.html,,3,504,181,12,40,Glenfiddich 12,1,0,1,0,0,3,0,0,2,0,1,2,2,1,1,2,1,3,1,1,2,0,1,0,7,0,0,0,0,0,0,0,0,0,0,1,9,1,1,1,1,1,1,1,1,2,7,3,1,0,0,1,0,1,1,1,0,1,1,0,0,0,1,1,6,1,1,0,0,0,1,0,1,0,0,0,0,0
https://www.whisky.com/whisky-database/details/aberfeldy-4.html,Aberfeldy,Scotland,Highlands,Single Malt Whisky,Original bottling,https://www.whisky.com/whisky-database/details/aberfeldy-4.html,,3.7,503,323,12,40,Aberfeldy 12,1,0,1,0,1,1,0,1,1,1,0,3,2,1,1,2,1,5,1,0,2,1,1,0,10,0,0,1,0,0,1,1,1,0,0,0,7,1,1,1,1,1,1,1,2,7,4,1,1,1,1,1,0,1,1,2,0,1,1,0,0,1,1,1,4,1,3,1,0,0,1,0,1,0,0,1,1,0
https://www.whisky.com/whisky-database/details/glenfarclas-02-liter.html,Glenfarclas,Scotland,Speyside,Single Malt Whisky,Original bottling,https://www.whisky.com/whisky-database/details/glenfarclas-02-liter.html,"0,2 Liter",4.7,502,337,25,43,"Glenfarclas 25 0,2 Liter",1,0,0,0,1,1,0,1,1,1,1,3,1,1,2,2,1,4,1,1,1,1,0,0,8,1,0,0,1,1,1,1,1,1,0,0,5,2,1,1,1,0,4,1,10,2,2,2,1,0,1,1,1,1,1,0,0,1,1,0,0,0,1,1,8,0,1,1,1,1,1,0,0,0,0,2,0,0
https://www.whisky.com/whisky-database/details/talisker-port-ruighe.html,Talisker,Scotland,Islands,Single Malt Whisky,Original bottling,https://www.whisky.com/whisky-database/details/talisker-port-ruighe.html,Port Ruighe,4.2,494,369,NAS,45.8,Talisker Port Ruighe,1,0,1,0,1,1,1,0,1,0,1,1,1,1,1,1,3,6,1,0,1,2,1,0,6,1,0,3,1,1,0,1,1,1,0,0,5,1,1,0,1,0,2,1,4,1,2,10,0,1,0,0,1,1,1,0,0,1,1,1,1,3,2,1,2,1,1,1,1,1,0,0,0,1,0,1,0,1
https://www.whisky.com/whisky-database/details/glendronach-allardice.html,Glendronach,Scotland,Highlands,Single Malt Whisky,Original bottling,https://www.whisky.com/whisky-database/details/glendronach-allardice.html,Allardice,4.7,490,297,18,46,Glendronach 18 Allardice,1,0,0,0,1,1,0,0,0,0,1,3,1,1,3,1,1,5,1,0,2,1,1,0,8,0,0,0,0,1,1,1,1,1,0,0,6,3,1,1,1,1,4,1,10,1,1,1,0,0,1,0,1,0,1,0,0,1,1,0,0,0,1,2,5,0,1,1,0,1,1,0,0,0,0,3,0,0
https://www.whisky.com/whisky-database/details/glenfarclas-4.html,Glenfarclas,Scotland,Speyside,Single Malt Whisky,Original bottling,https://www.whisky.com/whisky-database/details/glenfarclas-4.html,,3.9,477,336,12,43,Glenfarclas 12,1,0,0,0,1,1,0,1,1,1,1,2,2,1,1,1,1,5,1,1,2,1,1,0,7,0,0,0,0,0,1,0,0,0,0,0,6,1,1,1,1,1,1,1,10,1,3,2,0,1,0,1,1,1,0,1,0,1,1,0,0,0,1,1,6,0,1,0,1,1,1,0,0,0,0,1,1,0
https://www.whisky.com/whisky-database/details/laphroaig-quarter-cask-neue-ausstattung.html,Laphroaig,Scotland,Islay,Single Malt Whisky,Original bottling,https://www.whisky.com/whisky-database/details/laphroaig-quarter-cask-neue-ausstattung.html,Quarter Cask - new Casing,4.2,464,312,NAS,48,Laphroaig Quarter Cask - new Casing,0,0,1,1,1,1,1,1,1,1,0,1,1,1,1,1,1,3,0,1,1,0,1,0,6,0,0,3,2,0,1,1,0,0,0,1,2,1,1,0,1,0,1,1,1,1,1,10,1,1,1,0,0,1,1,0,0,1,0,1,0,3,1,0,4,3,1,1,0,0,0,0,1,1,1,1,0,1
https://www.whisky.com/whisky-database/details/bunnahabhain-altes-design.html,Bunnahabhain,Scotland,Islay,Single Malt Whisky,Original bottling,https://www.whisky.com/whisky-database/details/bunnahabhain-altes-design.html,altes Design,4,459,185,12,46.3,Bunnahabhain 12 altes Design,0,1,0,1,1,0,0,0,1,0,0,5,3,1,1,2,1,6,1,0,4,1,1,0,10,0,0,4,1,0,1,0,0,0,1,0,6,2,1,1,0,0,3,1,7,1,7,9,1,1,1,1,0,1,1,0,0,2,1,0,0,2,1,1,5,1,1,1,0,1,1,0,1,2,0,1,0,1
https://www.whisky.com/whisky-database/details/auchentoshan-three-wood-1.html,Auchentoshan,Scotland,Lowlands,Single Malt Whisky,Original bottling,https://www.whisky.com/whisky-database/details/auchentoshan-three-wood-1.html,Three Wood,3.8,459,205,NAS,43,Auchentoshan Three Wood,1,0,1,0,1,0,0,0,1,0,1,4,1,3,2,1,1,6,1,0,2,1,1,0,9,0,0,1,0,1,1,0,1,0,0,1,9,2,1,2,0,0,2,1,9,1,2,1,1,0,0,0,1,0,1,0,0,1,2,0,0,0,1,2,6,0,3,0,0,1,1,0,0,0,0,2,0,0
https://www.whisky.com/whisky-database/details/talisker.html,Talisker,Scotland,Islands,Single Malt Whisky,Original bottling,https://www.whisky.com/whisky-database/details/talisker.html,,4,454,123,10,45.8,Talisker 10,1,0,1,0,0,0,1,0,0,0,0,1,1,0,0,1,5,8,0,0,1,0,1,0,4,0,0,4,1,0,0,0,0,0,0,0,2,1,1,0,0,0,1,1,1,1,2,9,0,0,0,0,0,0,1,0,0,1,0,0,0,2,4,1,1,1,2,0,0,0,0,0,0,2,0,1,1,1
https://www.whisky.com/whisky-database/details/miniatur-glenfarclas-105.html,Glenfarclas,Scotland,Speyside,Single Malt Whisky,Whisky.de GmbH & Co. KG,https://www.whisky.com/whisky-database/details/miniatur-glenfarclas-105.html,105,3.9,449,252,NAS,60,Glenfarclas 105,0,0,0,1,1,1,0,1,1,1,1,2,1,1,1,1,2,5,1,1,2,1,1,0,8,0,0,1,0,1,1,0,0,0,1,1,6,2,1,1,1,0,2,1,10,1,2,3,1,0,1,0,1,1,1,0,0,3,1,0,0,1,1,1,8,0,2,1,1,1,1,0,0,0,0,2,0,0
https://www.whisky.com/whisky-database/details/bowmore-2.html,Bowmore,Scotland,Islay,Single Malt Whisky,Original bottling,https://www.whisky.com/whisky-database/details/bowmore-2.html,,4.4,436,293,18,43,Bowmore 18,1,0,1,0,1,1,1,1,1,0,1,2,1,1,2,1,1,3,1,1,2,1,1,1,7,0,0,1,1,1,1,1,1,1,0,0,5,2,1,0,1,0,2,1,6,1,1,10,1,0,1,0,1,1,1,1,0,1,1,0,0,1,1,1,4,1,2,1,1,1,1,0,0,1,0,1,1,0
https://www.whisky.com/whisky-database/details/edradour.html,Edradour,Scotland,Highlands,Single Malt Whisky,Original bottling,https://www.whisky.com/whisky-database/details/edradour.html,,3.9,436,313,10,40,Edradour 10,1,0,0,0,1,1,0,0,1,0,1,5,1,1,1,1,1,5,1,0,2,1,1,1,9,0,0,0,0,1,1,1,1,0,0,0,6,1,1,1,1,0,2,1,9,2,3,1,1,0,1,0,1,0,1,0,0,1,1,0,0,0,1,1,6,0,1,1,1,1,1,0,0,0,0,2,0,0
https://www.whisky.com/whisky-database/details/cragganmore-14.html,Cragganmore,Scotland,Speyside,Single Malt Whisky,Original bottling,https://www.whisky.com/whisky-database/details/cragganmore-14.html,,3.4,432,193,12,40,Cragganmore 12,1,0,1,0,1,1,0,1,1,1,0,1,3,0,0,1,1,4,1,1,3,1,1,1,10,0,0,1,1,0,0,0,1,0,0,1,5,1,1,1,1,1,2,2,2,4,8,4,1,1,0,1,0,1,1,1,0,1,1,0,0,0,1,1,4,0,2,1,0,0,0,0,1,0,0,1,1,0
https://www.whisky.com/whisky-database/details/bowmore-darkest.html,Bowmore,Scotland,Islay,Single Malt Whisky,Original bottling,https://www.whisky.com/whisky-database/details/bowmore-darkest.html,Darkest,4.2,405,180,15,43,Bowmore 15 Darkest,1,0,1,0,1,1,1,1,0,0,1,1,1,1,2,1,1,3,1,0,1,1,0,0,7,0,0,1,1,1,1,1,0,0,1,0,4,3,1,0,0,0,3,1,7,1,2,10,1,0,0,0,0,0,1,0,0,1,1,0,0,1,1,2,3,1,1,1,0,1,1,0,0,1,0,1,0,1
https://www.whisky.com/whisky-database/details/ardbeg-corryvreckan.html,Ardbeg,Scotland,Islay,Single Malt Whisky,Original bottling,https://www.whisky.com/whisky-database/details/ardbeg-corryvreckan.html,Corryvreckan,4.5,399,202,NAS,57.1,Ardbeg Corryvreckan,0,0,0,1,2,1,1,0,1,1,1,1,1,0,2,1,3,5,1,1,1,1,1,0,5,0,0,5,2,0,0,0,1,1,1,1,3,2,1,0,0,1,4,1,1,1,1,10,0,1,0,1,0,1,1,0,0,1,1,1,1,4,2,1,3,1,2,1,1,1,0,0,0,1,0,1,1,1
https://www.whisky.com/whisky-database/details/makers-mark-5.html,Maker's Mark,USA,Kentucky,Kentucky Straight Bourbon,Original bottling,https://www.whisky.com/whisky-database/details/makers-mark-5.html,,3.3,398,220,NAS,45,Maker's Mark,1,0,0,0,1,0,0,0,1,0,1,4,7,1,1,2,1,5,0,1,5,0,1,0,10,0,0,0,0,0,1,1,0,0,0,0,3,1,1,1,0,0,1,1,1,2,2,1,1,1,0,1,0,0,0,0,0,1,1,1,0,0,1,0,6,1,1,0,1,1,1,0,0,0,0,0,0,0
https://www.whisky.com/whisky-database/details/highland-park-5.html,Highland Park,Scotland,Islands,Single Malt Whisky,Original bottling,https://www.whisky.com/whisky-database/details/highland-park-5.html,,4.5,372,186,18,43,Highland Park 18,1,0,0,0,1,1,0,0,1,1,1,3,1,1,1,2,1,5,0,1,1,1,1,0,8,0,0,1,1,0,0,1,1,0,0,1,3,1,2,1,1,1,2,2,7,3,3,10,1,0,1,0,1,0,0,1,0,1,1,1,0,1,1,1,6,0,2,1,0,1,1,0,0,1,0,1,1,0
https://www.whisky.com/whisky-database/details/auchentoshan-three-wood-new-design.html,Auchentoshan,Scotland,Lowlands,Single Malt Whisky,Whisky.de GmbH & Co. KG,https://www.whisky.com/whisky-database/details/auchentoshan-three-wood-new-design.html,Three Wood - new Design,4.1,370,345,NAS,43,Auchentoshan Three Wood - new Design,1,0,1,0,1,0,0,0,0,0,1,3,1,2,1,1,1,5,1,0,2,1,1,0,9,0,0,1,0,1,1,1,1,1,0,0,8,2,1,1,1,1,2,1,8,1,2,1,0,0,1,0,1,0,1,1,0,1,1,1,0,1,1,2,5,0,2,1,1,1,1,0,0,1,0,2,0,0
https://www.whisky.com/whisky-database/details/bowmore-57e423960e.html,Bowmore,Scotland,Islay,Single Malt Whisky,Original bottling,https://www.whisky.com/whisky-database/details/bowmore-57e423960e.html,,4.3,367,348,15,43,Bowmore 15,1,0,1,0,1,0,1,0,0,0,1,1,1,1,2,1,1,3,1,0,2,1,0,0,7,0,0,2,2,1,1,1,1,1,0,0,3,2,1,1,1,0,3,1,8,1,1,10,0,0,1,0,1,1,1,1,0,1,1,0,0,1,1,1,4,1,1,1,1,0,0,0,0,1,0,2,0,1
https://www.whisky.com/whisky-database/details/glenmorangie-quinta-ruban.html,Glenmorangie,Scotland,Highlands,Single Malt Whisky,Original bottling,https://www.whisky.com/whisky-database/details/glenmorangie-quinta-ruban.html,Quinta Ruban,4,366,128,12,46,Glenmorangie 12 Quinta Ruban,0,0,0,1,0,0,0,1,0,1,1,4,2,1,3,2,1,6,1,1,1,1,1,0,10,0,0,0,0,1,0,1,0,0,0,0,8,5,0,0,1,0,3,2,6,1,2,1,0,0,0,0,1,0,0,0,0,1,2,0,0,0,1,1,3,0,4,0,1,1,1,0,0,0,0,1,0,0
https://www.whisky.com/whisky-database/details/cardhu-2.html,Cardhu,Scotland,Speyside,Single Malt Whisky,Original bottling,https://www.whisky.com/whisky-database/details/cardhu-2.html,,3.2,355,152,12,40,Cardhu 12,1,0,1,0,1,1,0,0,1,1,0,6,2,1,1,3,1,3,1,1,2,1,1,0,10,0,0,0,0,0,1,0,0,0,0,0,6,2,3,1,0,0,2,3,2,5,4,2,1,1,0,1,0,1,0,1,0,1,1,0,0,0,1,1,5,0,2,1,0,1,1,0,0,0,0,1,0,0
https://www.whisky.com/whisky-database/details/cardhu-2.html,Cardhu,Scotland,Speyside,Single Malt Whisky,Original bottling,https://www.whisky.com/whisky-database/details/cardhu-2.html,,4,193,127,12,40,Cardhu 12,1,0,1,0,1,1,0,0,1,1,0,6,2,1,1,3,1,3,1,1,2,1,1,0,10,0,0,0,0,0,1,0,0,0,0,0,6,2,3,1,0,0,2,3,2,5,4,2,1,1,0,1,0,1,0,1,0,1,1,0,0,0,1,1,5,0,2,1,0,1,1,0,0,0,0,1,0,0
https://www.whisky.com/whisky-database/details/bushmills-neues-design.html,Bushmills,Ireland,,Single Malt Whiskey,Original bottling,https://www.whisky.com/whisky-database/details/bushmills-neues-design.html,#NAME?,3.2,351,156,10,40,Bushmills 10 - neues Design,1,0,1,0,0,2,0,1,1,0,1,2,3,1,1,1,0,2,0,0,1,0,1,0,10,0,0,0,0,0,1,0,0,0,0,0,8,1,1,1,0,1,1,1,4,4,6,1,1,1,0,1,1,1,0,0,0,1,1,0,0,0,1,1,4,0,1,0,0,1,1,0,0,0,0,1,0,0
https://www.whisky.com/whisky-database/details/bushmills-5.html,Bushmills,Ireland,,Single Malt Whiskey,Original bottling,https://www.whisky.com/whisky-database/details/bushmills-5.html,,3.2,351,156,10,46,Bushmills 10,1,0,1,0,0,2,0,1,1,0,1,2,3,1,1,1,0,2,0,0,1,0,1,0,10,0,0,0,0,0,1,0,0,0,0,0,8,1,1,1,0,1,1,1,4,4,6,1,1,1,0,1,1,1,0,0,0,1,1,0,0,0,1,1,4,0,1,0,0,1,1,0,0,0,0,1,0,0
https://www.whisky.com/whisky-database/details/aberlour-5.html,Aberlour,Scotland,Speyside,Single Malt Whisky,Original bottling,https://www.whisky.com/whisky-database/details/aberlour-5.html,,4.5,346,124,18,43,Aberlour 18,1,0,1,0,1,1,0,0,0,1,0,3,1,1,2,2,2,7,1,0,1,1,0,0,9,0,0,0,0,0,1,0,1,0,0,0,6,5,1,0,0,0,3,1,8,2,2,1,0,0,0,0,0,1,1,0,0,1,2,0,0,0,1,2,6,0,3,0,0,1,1,0,0,0,0,1,0,0
https://www.whisky.com/whisky-database/details/glenfiddich-solera-reserve-4.html,Glenfiddich,Scotland,Speyside,Single Malt Whisky,Original bottling,https://www.whisky.com/whisky-database/details/glenfiddich-solera-reserve-4.html,Solera Reserve,3.6,343,125,15,40,Glenfiddich 15 Solera Reserve,1,0,1,0,0,1,0,1,1,0,0,4,4,1,1,3,1,7,0,1,2,1,0,0,10,0,0,0,0,0,0,0,0,0,0,1,8,1,0,1,1,0,2,1,4,4,3,2,1,1,0,1,1,0,0,0,1,1,1,0,0,0,1,1,8,0,2,0,0,1,0,1,1,0,0,1,0,0
https://www.whisky.com/whisky-database/details/edradour-edradour-caledonia.html,Edradour,Scotland,Highlands,Single Malt Whisky,Whisky.de GmbH & Co. KG,https://www.whisky.com/whisky-database/details/edradour-edradour-caledonia.html,Caledonia,4.3,340,245,12,46,Edradour 12 Caledonia,0,0,0,1,1,0,1,0,1,0,1,2,2,1,1,1,1,4,1,0,2,1,0,0,7,1,0,1,0,1,1,0,1,1,0,0,5,2,1,1,0,0,2,1,10,2,2,1,1,0,1,0,1,0,1,0,0,1,1,0,0,0,1,2,6,0,1,1,1,1,1,0,0,1,0,2,0,0
https://www.whisky.com/whisky-database/details/laphroaig-quarter-cask.html,Laphroaig,Scotland,Islay,Single Malt Whisky,Original bottling,https://www.whisky.com/whisky-database/details/laphroaig-quarter-cask.html,Quarter Cask,4.2,340,104,NAS,48,Laphroaig Quarter Cask,0,0,1,1,0,1,0,0,0,0,0,1,1,0,1,1,1,3,0,2,1,0,0,0,6,0,0,2,1,0,0,0,0,0,0,0,2,1,1,0,0,0,1,1,1,1,2,10,0,1,0,0,0,0,1,0,0,1,0,0,0,1,1,1,3,2,1,1,0,0,0,0,0,1,0,0,0,1
https://www.whisky.com/whisky-database/details/glenfiddich-old-design.html,Glenfiddich,Scotland,Speyside,Single Malt Whisky,Original bottling,https://www.whisky.com/whisky-database/details/glenfiddich-old-design.html,old design,3.9,337,117,18,40,Glenfiddich 18 old design,1,0,1,0,1,1,0,1,5,0,1,3,2,2,1,2,1,6,1,0,2,0,1,0,8,0,0,1,0,0,1,1,1,0,0,1,9,2,1,0,0,1,2,1,6,1,3,1,0,0,0,0,0,0,0,0,0,1,1,1,0,1,0,1,8,0,1,0,1,1,0,0,0,0,0,1,0,0
https://www.whisky.com/whisky-database/details/glenfarclas-02-liter-1.html,Glenfarclas,Scotland,Speyside,Single Malt Whisky,Original bottling,https://www.whisky.com/whisky-database/details/glenfarclas-02-liter-1.html,"0,2 Liter",4.4,333,220,21,43,"Glenfarclas 21 0,2 Liter",1,0,0,0,1,1,0,1,1,0,1,4,1,1,1,1,1,5,1,1,1,1,1,0,7,1,0,0,1,1,1,0,1,0,0,0,6,2,1,1,0,1,2,1,10,1,2,3,1,0,0,0,1,0,1,1,0,1,1,1,0,0,1,1,7,0,2,1,1,0,1,0,0,0,0,2,0,0
https://www.whisky.com/whisky-database/details/kilchoman-triple-cask-clubflasche-2022.html,Kilchoman,Scotland,Islay,Single Malt Whisky,Original bottling,https://www.whisky.com/whisky-database/details/kilchoman-triple-cask-clubflasche-2022.html,Triple Cask - Clubflasche 2022,4.4,331,349,NAS,46,Kilchoman Triple Cask - Clubflasche 2022,0,0,0,1,1,1,1,1,1,0,1,1,2,1,1,1,1,3,1,1,1,1,1,1,7,1,0,1,2,1,0,1,1,0,0,0,4,1,1,0,0,0,2,1,3,1,1,10,1,0,0,0,1,1,1,1,0,1,1,0,0,1,1,1,2,1,1,1,1,1,0,0,0,1,0,1,1,0
https://www.whisky.com/whisky-database/details/glenlivet.html,Glenlivet,Scotland,Speyside,Single Malt Whisky,Original bottling,https://www.whisky.com/whisky-database/details/glenlivet.html,,3,326,108,12,40,Glenlivet 12,1,0,1,0,1,3,0,0,2,1,0,5,5,0,1,3,0,4,0,1,1,0,0,0,8,0,0,1,0,0,0,0,0,0,0,0,9,0,1,1,1,1,2,2,0,1,7,3,2,1,0,1,0,1,0,1,0,2,0,0,0,0,1,0,5,0,2,0,0,0,1,0,0,1,0,0,0,0
https://www.whisky.com/whisky-database/details/glendronach-revival.html,Glendronach,Scotland,Highlands,Single Malt Whisky,Original bottling,https://www.whisky.com/whisky-database/details/glendronach-revival.html,Revival,4.4,325,106,15,46,Glendronach 15 Revival,0,0,0,1,3,1,0,1,0,1,1,3,1,1,2,2,1,5,1,0,3,1,0,0,10,0,0,0,0,0,1,1,1,0,0,0,5,5,1,0,1,0,4,1,8,1,3,2,0,0,0,0,0,0,1,0,0,1,1,0,0,0,1,2,5,0,1,0,0,1,0,0,0,0,0,2,0,0
https://www.whisky.com/whisky-database/details/clynelish.html,Clynelish,Scotland,Highlands,Single Malt Whisky,Original bottling,https://www.whisky.com/whisky-database/details/clynelish.html,,3.9,309,203,14,46,Clynelish 14,1,0,1,0,0,1,0,1,1,1,0,1,2,0,1,1,1,6,1,1,1,1,1,0,9,0,0,8,0,0,1,1,0,0,0,0,6,1,2,0,1,1,2,4,1,3,5,2,3,1,0,0,0,1,1,1,0,1,1,1,0,6,1,1,5,0,3,0,0,0,0,1,1,3,0,0,0,1
https://www.whisky.com/whisky-database/details/suntory-hibiki-harmony-limited-design-edition.html,Blend,,,Blended Whisky,Original bottling,https://www.whisky.com/whisky-database/details/suntory-hibiki-harmony-limited-design-edition.html,Hibiki Harmony - Limited Design Edition,4.4,308,259,NAS,43,Blend Hibiki Harmony - Limited Design Edition,1,0,1,0,0,1,0,1,1,1,1,2,2,1,1,2,1,3,0,1,1,1,1,0,8,0,0,1,0,0,1,0,0,0,0,1,8,1,1,1,1,1,1,3,1,3,2,1,2,0,0,1,1,1,1,1,1,1,2,0,0,0,1,1,5,0,4,0,0,1,1,1,0,1,0,1,1,0
https://www.whisky.com/whisky-database/details/arran-new-design.html,Arran-Lochranza,Scotland,Islands,Single Malt Whisky,Original bottling,https://www.whisky.com/whisky-database/details/arran-new-design.html,#NAME?,4.1,307,283,10,46,Arran-Lochranza 10 - new Design,0,0,0,1,0,1,0,1,1,1,0,2,4,2,1,1,1,5,1,1,1,0,1,1,10,0,0,1,0,0,1,1,1,0,0,0,8,1,1,1,1,1,2,1,2,1,3,1,1,1,0,1,0,1,1,1,1,1,1,1,0,1,1,1,7,0,4,1,0,0,0,1,0,1,1,1,1,0
https://www.whisky.com/whisky-database/details/laphroaig-sherry-oak.html,Laphroaig,Scotland,Islay,Single Malt Whisky,Original bottling,https://www.whisky.com/whisky-database/details/laphroaig-sherry-oak.html,Sherry Oak,4.5,306,302,10,48,Laphroaig 10 Sherry Oak,0,0,0,1,1,0,2,0,1,1,1,1,1,1,1,1,1,2,1,0,1,1,0,0,6,0,0,3,2,1,1,1,1,1,0,1,2,1,1,1,1,0,2,1,8,1,1,10,1,0,1,0,1,0,1,0,0,1,0,0,0,2,1,1,2,4,1,1,0,1,1,0,0,1,0,1,0,2
https://www.whisky.com/whisky-database/details/connemara-original-3.html,Cooley,Ireland,,Single Malt Whiskey,Original bottling,https://www.whisky.com/whisky-database/details/connemara-original-3.html,Original,3.5,294,192,NAS,40,Cooley Original,1,0,1,0,1,1,1,1,1,0,1,2,1,0,0,2,1,3,0,0,1,0,1,0,5,0,0,1,1,0,0,0,0,0,0,1,4,0,2,1,0,1,1,2,1,2,2,10,1,0,0,1,0,1,1,0,0,1,1,0,0,1,0,0,2,1,1,1,0,1,0,0,0,1,0,1,0,0
https://www.whisky.com/whisky-database/details/springbank-1.html,Springbank,Scotland,Campbeltown,Single Malt Whisky,Original bottling,https://www.whisky.com/whisky-database/details/springbank-1.html,,4.1,293,173,10,46,Springbank 10,0,0,0,1,1,1,1,1,1,1,0,3,2,1,2,1,1,5,0,0,2,0,2,0,9,0,0,6,1,0,0,1,0,0,0,1,6,1,1,1,1,1,3,2,2,2,6,10,1,0,0,1,0,0,1,1,0,1,1,1,0,4,1,1,4,0,3,0,0,0,0,0,1,4,0,0,0,0
https://www.whisky.com/whisky-database/details/bowmore-enigma.html,Bowmore,Scotland,Islay,Single Malt Whisky,Original bottling,https://www.whisky.com/whisky-database/details/bowmore-enigma.html,Enigma,3.7,288,72,12,40,Bowmore 12 Enigma,1,0,1,0,0,0,0,0,0,0,1,1,0,0,1,1,1,2,0,0,0,1,1,0,5,0,0,2,1,0,0,0,0,0,0,0,2,1,0,0,0,0,1,1,4,2,1,10,1,0,0,0,0,0,1,0,0,1,1,0,0,1,0,1,2,1,1,0,0,1,0,0,1,2,0,0,0,1
https://www.whisky.com/whisky-database/details/ledaig.html,Tobermory,Scotland,Islands,Single Malt Whisky,Original bottling,https://www.whisky.com/whisky-database/details/ledaig.html,,3.9,284,214,10,46.3,Tobermory 10,0,0,0,1,1,1,1,0,1,1,1,1,2,0,1,1,2,5,0,1,1,0,1,0,5,0,0,4,1,0,0,1,1,0,0,1,2,1,1,0,1,0,1,1,1,1,3,10,1,1,0,1,0,0,1,1,0,1,1,0,0,3,1,0,2,1,2,0,0,1,0,0,1,1,0,1,1,1
https://www.whisky.com/whisky-database/details/glenkinchie.html,Glenkinchie,Scotland,Lowlands,Single Malt Whisky,Original bottling,https://www.whisky.com/whisky-database/details/glenkinchie.html,,3.3,284,157,12,43,Glenkinchie 12,1,0,1,0,0,1,0,1,1,0,0,2,3,0,1,2,1,6,0,0,1,0,1,0,10,0,0,1,0,0,1,0,0,0,0,1,8,1,5,1,0,0,1,7,1,3,10,2,3,1,0,1,0,1,1,0,0,1,1,1,0,0,1,0,4,0,5,1,0,1,0,0,1,1,0,0,0,0
https://www.whisky.com/whisky-database/details/tomatin-legacy-1.html,Tomatin,Scotland,Highlands,Single Malt Whisky,Original bottling,https://www.whisky.com/whisky-database/details/tomatin-legacy-1.html,Legacy,3.4,277,193,NAS,43,Tomatin Legacy,1,0,1,0,0,1,0,1,1,0,0,1,4,1,1,1,2,4,0,1,2,0,2,1,10,0,0,0,0,0,1,0,0,0,0,0,8,1,1,0,1,1,1,1,1,1,3,2,1,0,0,0,0,1,0,4,0,1,1,0,0,0,1,0,3,0,4,0,1,1,1,0,0,0,1,0,1,0
https://www.whisky.com/whisky-database/details/balvenie-caribbean-cask.html,Balvenie,Scotland,Speyside,Single Malt Whisky,Original bottling,https://www.whisky.com/whisky-database/details/balvenie-caribbean-cask.html,Caribbean Cask,3.9,273,172,14,43,Balvenie 14 Caribbean Cask,1,0,1,0,1,0,0,2,1,0,1,2,5,1,1,2,1,3,0,1,3,1,0,0,10,1,0,0,0,0,1,0,0,0,0,0,7,1,1,0,0,1,2,1,3,2,2,1,1,1,1,1,0,1,1,1,0,1,1,0,0,0,1,1,6,0,1,1,1,0,1,0,0,0,1,1,0,0
https://www.whisky.com/whisky-database/details/glenmorangie-quinta-ruban-port.html,Glenmorangie,Scotland,Highlands,Single Malt Whisky,Original bottling,https://www.whisky.com/whisky-database/details/glenmorangie-quinta-ruban-port.html,Quinta Ruban Port,4.5,271,241,14,46,Glenmorangie 14 Quinta Ruban Port,0,0,1,1,1,1,0,1,1,1,1,3,1,1,3,1,1,4,1,1,1,2,1,0,10,1,0,1,0,1,1,1,1,1,0,0,9,5,1,1,1,0,4,1,7,1,1,1,1,1,1,0,1,0,1,1,0,1,2,1,0,0,0,1,5,0,3,0,1,1,1,0,0,0,0,2,1,0
https://www.whisky.com/whisky-database/details/glendronach-glendronach-revival.html,Glendronach,Scotland,Highlands,Single Malt Whisky,Whisky.de GmbH & Co. KG,https://www.whisky.com/whisky-database/details/glendronach-glendronach-revival.html,Revival,4.4,270,252,15,46,Glendronach 15 Revival,1,0,0,0,1,1,0,1,1,0,1,2,1,1,2,1,1,4,1,1,1,2,1,0,8,0,0,0,0,1,1,1,1,1,0,0,8,3,1,1,1,0,3,1,10,1,1,1,1,0,0,0,1,1,1,0,0,1,1,1,0,0,0,1,5,0,1,1,1,2,1,0,0,0,1,2,0,0
https://www.whisky.com/whisky-database/details/aberlour-1.html,Aberlour,Scotland,Speyside,Single Malt Whisky,Original bottling,https://www.whisky.com/whisky-database/details/aberlour-1.html,,3.2,269,95,10,40,Aberlour 10,1,0,1,0,1,1,0,0,1,1,0,5,1,1,1,4,1,8,0,1,2,1,1,0,8,0,0,0,0,0,0,0,0,0,0,0,7,2,1,1,1,0,2,2,6,1,6,2,1,0,0,0,0,1,0,0,0,2,1,0,0,0,2,1,5,0,1,0,1,0,0,0,0,0,0,0,0,0
https://www.whisky.com/whisky-database/details/port-charlotte-22.html,Bruichladdich,Scotland,Islay,Single Malt Whisky,Original bottling,https://www.whisky.com/whisky-database/details/port-charlotte-22.html,,4.5,267,243,10,50,Bruichladdich 10,0,0,0,1,1,1,1,1,1,1,1,1,1,0,0,1,1,2,1,0,1,0,1,1,5,0,0,4,2,1,1,1,0,0,0,1,3,1,2,0,0,1,1,2,1,1,2,10,1,1,1,0,0,1,1,0,0,1,1,1,0,3,1,1,3,1,4,1,0,0,0,0,1,1,1,1,1,1
https://www.whisky.com/whisky-database/details/kilchoman-kilchoman-sanaig.html,Kilchoman,Scotland,Islay,Single Malt Whisky,Whisky.de GmbH & Co. KG,https://www.whisky.com/whisky-database/details/kilchoman-kilchoman-sanaig.html,Sanaig,4.5,261,246,NAS,46,Kilchoman Sanaig,0,0,0,1,1,0,1,0,0,0,1,1,1,1,1,1,1,3,1,0,2,1,1,0,7,1,0,2,1,1,1,1,1,0,0,0,4,1,1,1,1,0,1,1,7,1,1,10,1,0,0,0,1,1,1,0,0,1,1,0,0,1,1,1,3,1,1,0,0,1,1,0,0,1,0,1,1,0
https://www.whisky.com/whisky-database/details/aberlour-non-chill-filtered.html,Aberlour,Scotland,Speyside,Single Malt Whisky,Original bottling,https://www.whisky.com/whisky-database/details/aberlour-non-chill-filtered.html,Non Chill-Filtered,4,261,115,12,48,Aberlour 12 Non Chill-Filtered,0,0,1,1,0,0,0,0,1,1,1,2,2,1,2,1,1,7,0,1,2,1,0,0,9,1,0,0,0,0,0,0,0,0,0,0,8,3,1,0,1,0,2,1,7,1,2,1,0,0,0,0,0,1,0,0,0,1,1,0,0,0,1,1,3,0,2,0,0,1,1,0,0,0,0,1,0,0
https://www.whisky.com/whisky-database/details/glenfarclas-3.html,Glenfarclas,Scotland,Speyside,Single Malt Whisky,Original bottling,https://www.whisky.com/whisky-database/details/glenfarclas-3.html,,3.4,261,164,30,43,Glenfarclas 30,1,1,0,0,2,0,0,0,0,0,1,4,1,0,0,1,0,1,0,1,3,0,0,0,6,0,0,0,0,1,0,0,0,0,0,0,6,2,0,0,0,0,3,0,5,1,2,0,0,0,0,0,1,0,3,0,0,0,0,0,0,0,0,1,5,0,0,0,0,1,0,0,0,0,0,1,0,0
https://www.whisky.com/whisky-database/details/glenallachie-63.html,GlenAllachie,Scotland,Speyside,Single Malt Whisky,Original bottling,https://www.whisky.com/whisky-database/details/glenallachie-63.html,,4.5,257,240,15,46,GlenAllachie 15,0,0,0,1,1,1,0,1,1,0,1,2,1,1,2,1,1,5,1,1,2,1,0,0,8,1,0,0,0,1,1,1,1,1,0,0,6,2,1,1,1,0,3,1,10,1,1,1,1,0,1,0,1,0,0,0,0,1,1,0,0,0,1,2,5,0,1,0,1,1,0,0,0,0,0,2,0,0
https://www.whisky.com/whisky-database/details/glenlivet-3.html,Glenlivet,Scotland,Speyside,Single Malt Whisky,Original bottling,https://www.whisky.com/whisky-database/details/glenlivet-3.html,,4.2,252,105,15,40,Glenlivet 15,1,0,1,0,0,0,0,0,0,0,0,6,9,0,0,6,0,5,0,0,0,1,0,0,9,0,0,0,0,0,0,0,0,0,0,0,10,0,0,0,0,0,0,1,0,0,2,0,1,0,0,0,0,0,0,0,0,0,0,0,0,0,0,0,4,0,0,0,0,0,0,0,0,0,0,0,0,0
https://www.whisky.com/whisky-database/details/glenlivet-3.html,Glenlivet,Scotland,Speyside,Single Malt Whisky,Original bottling,https://www.whisky.com/whisky-database/details/glenlivet-3.html,,3.5,40,5,15,40,Glenlivet 15,1,0,1,0,0,0,0,0,0,0,0,6,9,0,0,6,0,5,0,0,0,1,0,0,9,0,0,0,0,0,0,0,0,0,0,0,10,0,0,0,0,0,0,1,0,0,2,0,1,0,0,0,0,0,0,0,0,0,0,0,0,0,0,0,4,0,0,0,0,0,0,0,0,0,0,0,0,0
https://www.whisky.com/whisky-database/details/tamnavulin-red-wine-cask-edition.html,Tamnavulin,Scotland,Speyside,Single Malt Whisky,Original bottling,https://www.whisky.com/whisky-database/details/tamnavulin-red-wine-cask-edition.html,Red Wine Cask Edition,4,251,246,NAS,40,Tamnavulin Red Wine Cask Edition,1,0,1,0,1,1,0,1,1,0,1,2,1,1,1,1,0,3,3,1,1,4,0,0,7,1,0,0,0,1,1,0,0,1,0,0,10,1,1,0,1,0,1,1,3,1,2,1,1,1,0,1,1,1,0,1,0,1,1,0,1,0,1,1,3,0,1,1,1,1,1,0,0,0,0,1,0,0
https://www.whisky.com/whisky-database/details/ardbeg-an-oa-1.html,Ardbeg,Scotland,Islay,Single Malt Whisky,Original bottling,https://www.whisky.com/whisky-database/details/ardbeg-an-oa-1.html,An Oa,4.2,247,194,NAS,46.6,Ardbeg An Oa,0,0,0,1,1,1,1,0,0,0,0,1,1,0,1,1,1,4,1,1,1,1,1,1,7,0,0,2,2,0,0,0,1,1,1,1,2,1,1,0,0,0,2,1,3,1,1,10,0,1,0,0,0,1,1,0,0,1,1,0,0,2,1,1,2,1,2,1,1,1,0,0,0,1,0,1,0,1
https://www.whisky.com/whisky-database/details/johnnie-walker-green-label-2.html,Blend-Scotch,Scotland,,Blended Malt Whisky,Original bottling,https://www.whisky.com/whisky-database/details/johnnie-walker-green-label-2.html,Green label,4,240,183,15,43,Blend-Scotch 15 Green label,1,0,1,0,1,1,1,0,1,0,0,1,3,0,1,1,3,7,0,0,2,0,1,0,8,0,0,2,1,0,0,0,0,0,0,1,6,1,2,1,1,1,2,3,2,1,4,10,1,1,0,1,0,1,1,0,0,1,1,0,0,2,2,1,6,1,2,1,1,0,0,0,1,1,0,1,0,0
https://www.whisky.com/whisky-database/details/dalmore-the-fifteen.html,Dalmore,Scotland,Highlands,Single Malt Whisky,Original bottling,https://www.whisky.com/whisky-database/details/dalmore-the-fifteen.html,The Fifteen,4.1,239,142,15,40,Dalmore 15 The Fifteen,1,0,1,0,1,0,0,0,1,0,1,2,3,3,1,1,1,10,1,0,1,1,1,0,8,0,0,0,0,0,0,1,1,0,0,1,5,1,1,1,2,0,3,1,9,1,3,1,0,0,0,0,0,0,1,0,0,0,3,0,0,0,0,2,6,0,5,1,2,1,1,0,0,0,0,1,0,0
https://www.whisky.com/whisky-database/details/ballechin.html,Edradour,Scotland,Highlands,Single Malt Whisky,Original bottling,https://www.whisky.com/whisky-database/details/ballechin.html,,4.1,239,202,10,46,Edradour 10,0,0,0,1,0,0,1,0,1,1,0,1,2,1,1,1,1,3,0,0,1,1,1,0,6,0,0,1,2,0,1,0,0,0,0,1,3,1,1,0,1,0,1,1,2,1,2,10,1,1,1,1,0,1,1,0,0,1,1,0,0,1,1,1,4,1,1,1,0,0,1,0,1,1,0,1,0,0
https://www.whisky.com/whisky-database/details/eagle-rare-1.html,Buffalo Trace,USA,Kentucky,Kentucky Straight Bourbon,Original bottling,https://www.whisky.com/whisky-database/details/eagle-rare-1.html,,4.3,237,194,10,45,Buffalo Trace 10,1,0,0,0,1,0,0,1,1,1,1,2,6,1,1,1,1,4,1,1,5,1,0,0,10,0,0,1,0,0,1,1,0,0,0,0,3,1,1,0,1,0,2,1,1,2,1,1,0,1,1,1,0,1,1,1,0,1,1,0,0,1,1,1,6,0,1,1,1,1,1,0,0,1,1,1,1,0
https://www.whisky.com/whisky-database/details/deanston-1.html,Deanston,Scotland,Highlands,Single Malt Whisky,Original bottling,https://www.whisky.com/whisky-database/details/deanston-1.html,,3.9,231,175,12,40,Deanston 12,0,0,0,0,0,0,0,0,0,0,0,0,0,0,0,0,0,0,0,0,0,0,0,0,0,0,0,0,0,0,0,0,0,0,0,0,0,0,0,0,0,0,0,0,0,0,0,0,0,0,0,0,0,0,0,0,0,0,0,0,0,0,0,0,0,0,0,0,0,0,0,0,0,0,0,0,0,0
https://www.whisky.com/whisky-database/details/jameson-jameson-1-liter.html,Midleton,Ireland,,Blended Whiskey,Whisky.de GmbH & Co. KG,https://www.whisky.com/whisky-database/details/jameson-jameson-1-liter.html,- 1 Liter,2.7,230,83,NAS,40,Midleton - 1 Liter,1,0,1,0,0,0,0,0,1,0,0,4,5,0,0,3,1,6,0,0,1,0,1,1,8,0,0,0,0,0,1,0,0,0,0,0,4,1,0,0,1,1,0,1,2,1,2,2,1,1,0,0,0,0,0,0,0,2,0,0,0,0,2,0,4,0,2,0,0,0,0,0,0,0,1,1,0,0
https://www.whisky.com/whisky-database/details/auchentoshan-2.html,Auchentoshan,Scotland,Lowlands,Single Malt Whisky,Original bottling,https://www.whisky.com/whisky-database/details/auchentoshan-2.html,,3.2,228,87,12,40,Auchentoshan 12,1,0,1,0,0,1,0,0,1,0,0,6,3,0,1,2,1,3,0,1,3,0,1,1,9,0,0,1,0,0,0,0,0,0,1,1,6,1,1,1,0,1,1,2,1,2,2,1,0,1,0,1,0,0,0,0,0,1,1,0,0,0,1,0,5,0,7,0,0,0,1,0,1,1,0,0,0,0
https://www.whisky.com/whisky-database/details/ardbeg-wee-beastie.html,Ardbeg,Scotland,Islay,Single Malt Whisky,Original bottling,https://www.whisky.com/whisky-database/details/ardbeg-wee-beastie.html,Wee Beastie,4,227,201,5,47.4,Ardbeg 5 Wee Beastie,0,0,0,1,1,1,2,0,1,0,0,1,1,0,1,1,2,4,0,0,1,0,1,1,5,1,0,4,2,0,1,0,0,0,0,0,2,1,1,0,1,1,2,1,1,0,1,10,1,1,0,0,0,1,1,0,0,1,0,0,0,3,1,0,2,1,1,1,1,0,1,0,0,1,0,1,0,1
https://www.whisky.com/whisky-database/details/ardmore-traditional-cask.html,Ardmore,Scotland,Speyside,Single Malt Whisky,Original bottling,https://www.whisky.com/whisky-database/details/ardmore-traditional-cask.html,Traditional Cask,3.5,227,70,NAS,46,Ardmore Traditional Cask,0,0,1,1,0,0,1,0,0,0,0,1,2,0,1,1,1,5,0,0,1,0,0,0,5,0,0,2,1,0,0,0,0,0,0,1,2,1,1,0,0,0,1,1,1,0,3,10,0,1,0,1,0,0,0,0,0,1,0,0,0,0,1,0,4,0,1,0,0,0,0,0,0,2,0,0,0,1
https://www.whisky.com/whisky-database/details/glenfarclas-a8ccab7815.html,Glenfarclas,Scotland,Speyside,Single Malt Whisky,Original bottling,https://www.whisky.com/whisky-database/details/glenfarclas-a8ccab7815.html,,4.3,226,140,18,43,Glenfarclas 18,1,0,0,0,1,0,0,0,1,0,1,3,3,1,1,1,1,4,1,0,2,1,1,1,9,0,0,0,0,0,1,0,1,0,0,0,7,1,0,0,1,0,2,1,8,4,1,1,1,0,1,0,1,1,1,0,0,1,1,0,0,0,1,1,6,0,3,1,1,1,1,0,0,0,0,1,1,0
https://www.whisky.com/whisky-database/details/woodford-reserve-2.html,Woodford Reserve,USA,Kentucky,Kentucky Straight Bourbon,Original bottling,https://www.whisky.com/whisky-database/details/woodford-reserve-2.html,Distiller's Select,3.9,225,132,NAS,43.2,Woodford Reserve Distiller's Select,1,0,0,0,0,1,0,0,1,1,0,2,7,1,1,1,1,5,1,1,5,1,1,0,10,0,1,0,0,0,1,1,0,0,0,0,3,2,1,0,1,0,2,1,1,1,2,1,0,1,0,2,0,1,0,0,0,1,1,1,0,0,1,1,5,0,1,1,1,1,1,0,0,0,0,1,0,0
https://www.whisky.com/whisky-database/details/wild-turkey-wild-turkey-101.html,Wild Turkey,USA,Kentucky,Kentucky Straight Bourbon,Whisky.de GmbH & Co. KG,https://www.whisky.com/whisky-database/details/wild-turkey-wild-turkey-101.html,101,4,222,183,NAS,50.5,Wild Turkey 101,1,0,0,0,0,0,0,1,0,1,0,2,6,1,1,1,2,6,0,0,6,0,1,0,10,0,1,1,0,0,1,1,0,0,0,0,2,0,1,0,1,0,2,1,1,2,2,2,1,0,0,2,0,0,1,0,0,2,1,0,0,0,1,0,6,0,2,1,1,1,1,0,0,0,1,0,0,0
https://www.whisky.com/whisky-database/details/-3af7e49721.html,GlenAllachie,Scotland,Speyside,Single Malt Whisky,Original bottling,https://www.whisky.com/whisky-database/details/-3af7e49721.html,,4.2,221,200,12,46,GlenAllachie 12,0,0,0,1,1,1,0,0,1,1,1,2,2,1,2,1,1,3,1,2,3,1,1,0,9,0,0,0,0,1,1,0,1,0,0,0,7,1,1,1,1,1,2,1,10,3,2,1,1,1,1,1,1,1,1,1,0,1,1,0,1,0,1,2,5,0,1,1,1,1,1,0,0,0,0,2,0,0
https://www.whisky.com/whisky-database/details/tomatin-port-wood-finish-1.html,Tomatin,Scotland,Highlands,Single Malt Whisky,Original bottling,https://www.whisky.com/whisky-database/details/tomatin-port-wood-finish-1.html,Port Wood Finish,4,219,188,14,46,Tomatin 14 Port Wood Finish,0,0,0,1,1,1,0,1,1,0,1,3,1,1,1,1,1,5,1,0,2,3,1,0,9,1,0,0,0,1,1,0,1,1,0,0,10,2,1,0,0,0,2,1,5,2,2,1,1,0,1,0,0,1,0,0,1,1,1,0,1,0,1,1,5,0,1,0,1,1,1,0,1,0,0,1,1,0
https://www.whisky.com/whisky-database/details/balvenie-single-barrel-first-fill-2.html,Balvenie,Scotland,Speyside,Single Malt Whisky,Original bottling,https://www.whisky.com/whisky-database/details/balvenie-single-barrel-first-fill-2.html,Single Barrel First Fill,4.3,217,150,12,47.8,Balvenie 12 Single Barrel First Fill,0,0,0,1,0,1,0,0,1,0,0,2,7,1,1,1,1,3,0,1,1,0,1,0,10,0,0,0,0,0,1,0,0,0,0,0,4,1,1,0,0,1,1,1,1,5,2,1,1,1,0,0,0,1,0,1,0,1,1,0,0,0,0,1,5,0,2,0,0,0,1,0,0,0,1,1,0,0
https://www.whisky.com/whisky-database/details/glen-garioch.html,Glen Garioch,Scotland,Highlands,Single Malt Whisky,Original bottling,https://www.whisky.com/whisky-database/details/glen-garioch.html,,3.8,217,148,12,48,Glen Garioch 12,0,0,1,1,0,2,0,0,1,0,1,2,2,1,1,1,1,4,1,2,2,1,0,0,9,0,0,0,0,0,1,0,1,0,0,1,8,1,3,0,1,0,1,3,3,2,4,1,1,1,1,0,0,1,1,0,0,1,1,0,0,0,1,1,7,0,2,0,0,0,1,0,0,0,0,1,1,0
https://www.whisky.com/whisky-database/details/talisker-storm.html,Talisker,Scotland,Islands,Single Malt Whisky,Original bottling,https://www.whisky.com/whisky-database/details/talisker-storm.html,Storm,3.6,216,105,NAS,45.8,Talisker Storm,1,0,1,0,1,1,1,1,1,0,0,1,1,0,1,1,4,9,0,1,1,1,1,0,5,0,0,6,1,0,0,0,0,0,0,0,3,1,0,0,0,0,1,1,1,1,2,9,1,0,0,1,0,0,1,0,0,1,0,0,0,4,4,1,3,1,1,1,0,0,1,0,0,3,0,0,1,1
https://www.whisky.com/whisky-database/details/chivas-regal.html,Blend-Scotch,Scotland,,Blended Whisky,Original bottling,https://www.whisky.com/whisky-database/details/chivas-regal.html,,2.6,213,83,12,40,Blend-Scotch 12,1,0,1,0,1,1,0,0,2,0,0,4,5,0,1,3,0,3,0,0,2,0,1,0,9,0,0,0,0,0,0,0,0,0,0,0,6,1,2,0,0,0,2,4,1,4,3,4,2,0,0,2,0,0,0,0,0,2,1,0,0,0,0,0,5,0,2,0,1,0,0,0,0,0,0,1,0,0
https://www.whisky.com/whisky-database/details/glenrothes-clubflasche-2022.html,Glenrothes,Scotland,Speyside,Single Malt Whisky,Signatory Vintage,https://www.whisky.com/whisky-database/details/glenrothes-clubflasche-2022.html,- Clubflasche 2022,4.1,210,228,11,46,Glenrothes 11 - Clubflasche 2022,0,0,0,1,1,1,0,1,1,0,1,2,3,0,1,1,1,3,1,1,2,1,1,0,8,0,0,1,0,1,0,0,0,1,0,0,8,1,1,0,1,1,2,1,6,1,2,1,1,0,0,0,0,1,1,1,0,1,1,1,0,0,1,1,8,0,3,0,1,0,1,0,0,1,0,1,1,0
https://www.whisky.com/whisky-database/details/glenmorangie-lasanta-1.html,Glenmorangie,Scotland,Highlands,Single Malt Whisky,Original bottling,https://www.whisky.com/whisky-database/details/glenmorangie-lasanta-1.html,Lasanta,3.7,210,65,12,46,Glenmorangie 12 Lasanta,0,0,1,1,1,0,0,0,0,0,1,4,3,1,2,2,1,4,0,1,5,2,0,0,10,0,0,0,0,0,0,0,1,0,0,0,5,4,0,0,1,0,3,1,9,2,2,1,0,0,0,0,0,1,0,0,0,1,1,0,0,0,0,3,3,0,2,0,0,1,0,0,0,0,0,1,0,0
https://www.whisky.com/whisky-database/details/the-singleton-of-dufftown-1.html,Dufftown,Scotland,Speyside,Single Malt Whisky,Original bottling,https://www.whisky.com/whisky-database/details/the-singleton-of-dufftown-1.html,,2.9,210,83,12,40,Dufftown 12,1,0,1,0,2,2,0,0,2,1,0,2,1,0,1,2,0,6,0,0,1,1,1,0,7,0,0,1,0,0,0,0,1,0,0,1,7,1,1,1,0,0,2,3,3,2,7,2,1,0,0,0,0,0,0,1,0,1,1,0,0,0,0,0,8,0,3,0,0,0,0,0,0,0,0,1,0,0
https://www.whisky.com/whisky-database/details/tullibardine-tullibardine-228-burgundy-finish.html,Tullibardine,Scotland,Highlands,Single Malt Whisky,Original bottling,https://www.whisky.com/whisky-database/details/tullibardine-tullibardine-228-burgundy-finish.html,228 Burgundy Finish,3.8,207,133,NAS,43,Tullibardine 228 Burgundy Finish,0,0,0,1,1,0,0,1,1,0,0,4,3,0,1,2,1,6,2,0,1,3,0,0,7,1,0,0,0,0,1,0,0,0,0,0,9,2,1,0,0,0,1,1,3,1,2,1,1,0,0,0,0,0,1,1,0,1,1,0,0,0,2,1,4,0,1,0,0,0,1,0,0,0,0,1,0,0
https://www.whisky.com/whisky-database/details/tullibardine-burgundy-finish.html,Tullibardine,Scotland,Highlands,Single Malt Whisky,Original bottling,https://www.whisky.com/whisky-database/details/tullibardine-burgundy-finish.html,228 Burgundy Finish,3.8,207,133,NAS,46,Tullibardine 228 Burgundy Finish,0,0,0,1,1,0,0,1,1,0,0,4,4,0,1,2,1,6,2,0,1,3,0,0,7,1,0,0,0,0,1,0,0,0,0,0,8,3,1,0,0,0,1,1,3,1,2,1,1,0,0,0,0,0,1,1,0,1,1,0,0,0,2,1,4,0,1,0,0,0,1,0,0,0,0,1,0,0
https://www.whisky.com/whisky-database/details/jack-daniels-daniels-single-barrel-metallbox.html,Jack Daniel's,USA,Tennessee,Tennessee Whiskey,Original bottling,https://www.whisky.com/whisky-database/details/jack-daniels-daniels-single-barrel-metallbox.html,Single Barrel - Metallbox,3.3,207,85,NAS,45,Jack Daniel's Single Barrel - Metallbox,1,0,0,0,1,0,0,0,0,0,0,1,5,0,1,1,1,5,0,1,3,0,0,0,10,0,0,0,0,0,1,0,0,0,0,0,2,1,0,0,0,0,2,1,0,1,2,3,0,0,0,1,0,0,2,0,0,2,0,0,0,0,1,0,9,1,1,0,1,0,0,0,0,0,0,0,0,0
https://www.whisky.com/whisky-database/details/auchentoshan-90.html,Auchentoshan,Scotland,Lowlands,Single Malt Whisky,Original bottling,https://www.whisky.com/whisky-database/details/auchentoshan-90.html,,3.8,206,182,12,40,Auchentoshan 12,1,0,1,0,1,1,0,0,1,0,1,5,2,1,1,1,1,5,0,0,2,1,1,1,10,0,0,1,0,0,0,1,0,0,0,1,7,1,1,1,1,0,1,1,3,2,3,1,1,1,1,0,0,0,1,0,0,1,3,1,0,1,1,1,4,0,8,0,0,1,1,0,0,0,0,1,1,0
https://www.whisky.com/whisky-database/details/glenmorangie-signet.html,Glenmorangie,Scotland,Highlands,Single Malt Whisky,Original bottling,https://www.whisky.com/whisky-database/details/glenmorangie-signet.html,Signet,4.8,205,138,NAS,46,Glenmorangie Signet,1,0,1,0,7,1,0,0,0,2,1,3,2,3,5,1,1,7,1,0,2,1,1,0,10,0,0,0,0,0,1,1,1,0,0,0,5,4,1,0,1,0,9,2,7,1,2,1,0,1,0,0,1,0,0,1,0,1,1,0,0,0,1,1,4,0,3,0,1,0,1,0,0,0,1,1,1,0
https://www.whisky.com/whisky-database/details/macallan-double-cask-1.html,Macallan,Scotland,Speyside,Single Malt Whisky,Original bottling,https://www.whisky.com/whisky-database/details/macallan-double-cask-1.html,Double Cask,4.2,205,192,12,40,Macallan 12 Double Cask,1,0,0,0,1,1,0,1,1,0,1,2,3,1,1,2,1,4,0,1,4,1,1,0,10,0,0,1,0,0,1,1,1,0,0,0,5,1,1,0,1,0,1,1,9,3,1,1,1,1,1,0,1,1,1,0,0,1,1,0,0,1,1,1,6,0,3,0,1,1,1,0,0,0,0,1,1,0
